id,firstname,lastname,age,order_id,gender
CUST001,Rachel,Cohen,19,ORD045,F
CUST002,David,Goldberg,21,ORD132,M
CUST003,Sarah,Levy,20,ORD078,F
CUST004,Daniel,Shapiro,22,ORD015,M
CUST005,Hannah,Bernstein,18,ORD091,F
CUST006,Joshua,Rosenberg,23,ORD144,M
CUST007,Rebecca,Friedman,19,ORD023,F
CUST008,Ethan,Katz,20,ORD067,M
CUST009,Leah,Stern,21,ORD112,F
CUST010,Benjamin,Weiss,22,ORD034,M
CUST011,Miriam,Abrams,19,ORD089,F
CUST012,Noah,Schwartz,20,ORD145,M
CUST013,Sophia,Goldman,18,ORD056,F
CUST014,Samuel,Klein,23,ORD001,M
CUST015,Esther,Rubin,21,ORD123,F
CUST016,Jacob,Silverman,20,ORD045,M
CUST017,Maya,Feldman,19,ORD078,F
CUST018,Adam,Greenberg,22,ORD150,M
CUST019,Naomi,Kaplan,20,ORD034,F
CUST020,Ari,Freedman,21,ORD067,M
CUST021,Emma,Blum,19,ORD089,F
CUST022,Isaac,Roth,23,ORD112,M
CUST023,Dalia,Marcus,20,ORD023,F
CUST024,Jonathan,Berg,22,ORD145,M
CUST025,Talia,Grossman,18,ORD056,F
CUST026,Eli,Baum,21,ORD091,M
CUST027,Aviva,Diamond,19,ORD132,F
CUST028,Michael,Hirsch,20,ORD078,M
CUST029,Shoshana,Bloom,22,ORD015,F
CUST030,Gabriel,Siegel,23,ORD144,M
CUST031,Yael,Rosenthal,19,ORD089,F
CUST032,Nathan,Levin,20,ORD067,M
CUST033,Lily,Fisch,21,ORD034,F
CUST034,Aaron,Epstein,22,ORD112,M
CUST035,Eva,Stein,18,ORD023,F
CUST036,Asher,Wolf,23,ORD145,M
CUST037,Abigail,Adler,19,ORD056,F
CUST038,Joseph,Friedberg,20,ORD091,M
CUST039,Eden,Moss,21,ORD132,F
CUST040,Zachary,Rabinowitz,22,ORD078,M
CUST041,Maya,Hoffman,19,ORD015,F
CUST042,Simon,Goldstein,20,ORD144,M
CUST043,Noa,Reiss,18,ORD089,F
CUST044,Levi,Kramer,23,ORD067,M
CUST045,Ruth,Weiner,21,ORD034,F
CUST046,Max,Lieberman,20,ORD112,M
CUST047,Alexandra,Solomon,19,ORD023,F
CUST048,Joel,Finkel,22,ORD145,M
CUST049,Gabriella,Segal,20,ORD056,F
CUST050,Ezra,Landau,21,ORD091,M
CUST051,Sophie,Weinberg,19,ORD132,F
CUST052,Ryan,Spielman,23,ORD078,M
CUST053,Eliana,Schreiber,20,ORD015,F
CUST054,Dylan,Schwarz,22,ORD144,M
CUST055,Isabella,Rothman,18,ORD089,F
CUST056,Leo,Halpern,21,ORD067,M
CUST057,Julia,Cantor,19,ORD034,F
CUST058,Matthew,Berman,20,ORD112,M
CUST059,Arielle,Rose,22,ORD023,F
CUST060,Oliver,Kane,23,ORD145,M
CUST061,Sarah,Mandel,19,ORD056,F
CUST062,Jordan,Glazer,20,ORD091,M
CUST063,Arianna,Fischer,21,ORD132,F
CUST064,Seth,Kessler,22,ORD078,M
CUST065,Maya,Weitzman,18,ORD015,F
CUST066,Caleb,Sherman,23,ORD144,M
CUST067,Nina,Goodman,19,ORD089,F
CUST068,Alex,Margolis,20,ORD067,M
CUST069,Daniella,Geller,21,ORD034,F
CUST070,Samuel,Horowitz,22,ORD112,M
CUST071,Ava,Silverstein,19,ORD023,F
CUST072,Noah,Greenbaum,20,ORD145,M
CUST073,Lila,Berger,18,ORD056,F
CUST074,Benjamin,Sandler,23,ORD091,M
CUST075,Emma,Altman,21,ORD132,F
CUST076,Daniel,Kaufman,20,ORD078,M
CUST077,Rachel,Neuman,19,ORD015,F
CUST078,Ethan,Schneider,22,ORD144,M
CUST079,Maya,Perlman,20,ORD089,F
CUST080,Joshua,Freund,21,ORD067,M
CUST081,Sophia,Goldfarb,19,ORD034,F
CUST082,Jacob,Eisenberg,23,ORD112,M
CUST083,Leah,Gottlieb,20,ORD023,F
CUST084,Adam,Feigenbaum,22,ORD145,M
CUST085,Hannah,Wasserman,18,ORD056,F
CUST086,Isaac,Schechter,21,ORD091,M
CUST087,Rebecca,Unger,19,ORD132,F
CUST088,Gabriel,Ackerman,20,ORD078,M
CUST089,Eva,Blumenthal,22,ORD015,F
CUST090,Nathan,Rosen,23,ORD144,M
CUST091,Miriam,Teitelbaum,19,ORD089,F
CUST092,Asher,Greenspan,20,ORD067,M
CUST093,Talia,Jacobson,21,ORD034,F
CUST094,Eli,Feinstein,22,ORD112,M
CUST095,Sarah,Berkowitz,18,ORD023,F
CUST096,Jonathan,Rothstein,23,ORD145,M
CUST097,Maya,Lowenstein,19,ORD056,F
CUST098,David,Schwab,20,ORD091,M
CUST099,Rachel,Aronson,21,ORD132,F
CUST100,Benjamin,Tannenbaum,22,ORD078,M
CUST101,Leah,Fishman,19,ORD015,F
CUST102,Samuel,Zucker,20,ORD144,M
CUST103,Hannah,Levinson,18,ORD089,F
CUST104,Noah,Silverman,23,ORD067,M
CUST105,Rebecca,Freedman,21,ORD034,F
CUST106,Ethan,Kornfeld,20,ORD112,M
CUST107,Sofia,Blau,19,ORD023,F
CUST108,Jacob,Rothenberg,22,ORD145,M
CUST109,Emma,Schiff,20,ORD056,F
CUST110,Daniel,Greenstein,21,ORD091,M
CUST111,Maya,Bernhardt,19,ORD132,F
CUST112,Joshua,Rosenfeld,23,ORD078,M
CUST113,Rachel,Meltzer,20,ORD015,F
CUST114,Benjamin,Steiner,22,ORD144,M
CUST115,Leah,Kagan,18,ORD089,F
CUST116,Adam,Schuman,21,ORD067,M
CUST117,Sarah,Lipman,19,ORD034,F
CUST118,Isaac,Mendelsohn,20,ORD112,M
CUST119,Hannah,Hollander,22,ORD023,F
CUST120,Gabriel,Friedlander,23,ORD145,M
CUST121,Rebecca,Goldblatt,19,ORD056,F
CUST122,Ethan,Rosenstein,20,ORD091,M
CUST123,Maya,Davidson,21,ORD132,F
CUST124,Noah,Silberberg,22,ORD078,M
CUST125,Sophia,Rosenbloom,18,ORD015,F
CUST126,Jacob,Herschel,23,ORD144,M
CUST127,Emma,Krasner,19,ORD089,F
CUST128,Daniel,Weintraub,20,ORD067,M
CUST129,Rachel,Sussman,21,ORD034,F
CUST130,Benjamin,Abramowitz,22,ORD112,M
CUST131,Leah,Rosenzweig,19,ORD023,F
CUST132,Samuel,Morgenstern,20,ORD145,M
CUST133,Hannah,Kirsch,18,ORD056,F
CUST134,Joshua,Wallerstein,23,ORD091,M
CUST135,Maya,Rubenstein,21,ORD132,F
CUST136,Adam,Englander,20,ORD078,M
CUST137,Sarah,Edelstein,19,ORD015,F
CUST138,Isaac,Finkelstein,22,ORD144,M
CUST139,Rebecca,Cooperman,20,ORD089,F
CUST140,Ethan,Schwartzman,21,ORD067,M
CUST141,Sofia,Birnbaum,19,ORD034,F
CUST142,Jacob,Rosenbaum,23,ORD112,M
CUST143,Emma,Weisberg,20,ORD023,F
CUST144,Daniel,Hauptman,22,ORD145,M
CUST145,Rachel,Glickman,18,ORD056,F
CUST146,Benjamin,Sternberg,21,ORD091,M
CUST147,Leah,Zuckerman,19,ORD132,F
CUST148,Noah,Applebaum,20,ORD078,M
CUST149,Hannah,Morgenstein,22,ORD015,F
CUST150,Samuel,Himmelfarb,23,ORD144,M